date,Interest_Rate,Inflation,GDP,Unemployment,Ind_Prod,sp500
1974-12-01,8.53,51.9,6030.464,7.2,41.9503,67.16937494277954
1975-01-01,7.13,52.3,5957.035,8.1,41.3689,72.56409107555042
1975-02-01,6.24,52.6,5957.035,8.1,40.4252,80.09684191252056
1975-03-01,5.54,52.8,5957.035,8.6,39.9804,83.83199920654297
1975-04-01,5.49,53.0,5999.61,8.8,40.0572,84.72318198464133
1975-05-01,5.22,53.1,5999.61,9.0,39.9402,90.09619031633649
1975-06-01,5.55,53.5,5999.61,8.8,40.1927,92.3971434093657
1975-07-01,6.1,54.0,6102.326,8.6,40.6115,92.48727312954989
1975-08-01,6.14,54.2,6102.326,8.4,41.0114,85.71380942208427
1975-09-01,6.24,54.6,6102.326,8.4,41.5422,84.67238071986607
1975-10-01,5.82,54.9,6184.53,8.4,41.7224,88.57434778628142
1975-11-01,5.22,55.3,6184.53,8.3,41.7797,90.06526344700863
1975-12-01,5.2,55.6,6184.53,8.2,42.3462,88.70045471191406
1976-01-01,4.87,55.8,6323.649,7.9,42.9082,96.8595235915411
1976-02-01,4.77,55.9,6323.649,7.7,43.3407,100.63947416606702
1976-03-01,4.84,56.0,6323.649,7.6,43.4281,101.08434793223505
1976-04-01,4.82,56.1,6370.025,7.7,43.6518,101.92952364966983
1976-05-01,5.29,56.4,6370.025,7.4,43.8315,101.16199913024903
1976-06-01,5.48,56.7,6370.025,7.6,43.8775,101.76681795987216
1976-07-01,5.31,57.0,6404.895,7.8,44.1248,104.2009528023856
1976-08-01,5.29,57.3,6404.895,7.8,44.4262,103.29181844537908
1976-09-01,5.25,57.6,6404.895,7.6,44.5711,105.45333317347935
1976-10-01,5.02,57.9,6451.177,7.7,44.56,101.88523755754743
1976-11-01,4.95,58.1,6451.177,7.8,45.2454,101.19349975585938
1976-12-01,4.65,58.4,6451.177,7.8,45.731,104.66090843894266
1977-01-01,4.61,58.7,6527.703,7.5,45.4156,103.81333305722191
1977-02-01,4.68,59.3,6527.703,7.6,46.1358,100.95578926487973
1977-03-01,4.69,59.6,6527.703,7.4,46.7158,100.56956481933594
1977-04-01,4.73,60.0,6654.466,7.2,47.1719,99.05000076293945
1977-05-01,5.35,60.2,6654.466,7.0,47.541,98.76047588530041
1977-06-01,5.39,60.5,6654.466,7.2,47.9063,99.28590947931463
1977-07-01,5.42,60.8,6774.457,6.9,47.9714,100.17842021741365
1977-08-01,5.9,61.1,6774.457,7.0,48.0157,97.75000033171281
1977-09-01,6.14,61.3,6774.457,6.8,48.2097,96.23238045828683
1977-10-01,6.47,61.6,6774.592,6.8,48.2839,93.73952302478608
1977-11-01,6.51,62.0,6774.592,6.8,48.3755,94.28333391462054
1977-12-01,6.56,62.3,6774.592,6.4,48.4573,93.82047671363468
1978-01-01,6.7,62.7,6796.26,6.4,47.7512,90.24952298118954
1978-02-01,6.78,63.0,6796.26,6.3,48.0098,88.97526349519428
1978-03-01,6.79,63.4,6796.26,6.3,48.9358,88.81954539905895
1978-04-01,6.89,63.9,7058.92,6.1,49.9074,92.7104995727539
1978-05-01,7.36,64.5,7058.92,6.0,50.1513,97.41227306019177
1978-06-01,7.6,65.0,7058.92,5.9,50.4751,97.66181807084517
1978-07-01,7.81,65.5,7129.915,6.2,50.4371,97.19249992370605
1978-08-01,8.04,65.9,7129.915,5.9,50.6393,103.92173999288808
1978-09-01,8.45,66.5,7129.915,6.0,50.7631,103.85699996948242
1978-10-01,8.96,67.1,7225.75,5.8,51.1523,100.58363515680486
1978-11-01,9.76,67.5,7225.75,5.9,51.5456,94.70952315557571
1978-12-01,10.03,67.9,7225.75,6.0,51.806,96.10749969482421
1979-01-01,10.07,68.5,7238.727,5.9,51.525,99.70500113747336
1979-02-01,10.06,69.2,7238.727,5.9,51.778,98.2294737163343
1979-03-01,10.09,69.9,7238.727,5.8,51.9382,100.11227278275923
1979-04-01,10.01,70.6,7246.454,5.8,51.3251,102.06600036621094
1979-05-01,10.24,71.4,7246.454,5.6,51.7782,99.727727023038
1979-06-01,10.29,72.2,7246.454,5.7,51.7865,101.72761862618583
1979-07-01,10.47,73.0,7300.281,5.7,51.7029,102.71142832438152
1979-08-01,10.94,73.7,7300.281,6.0,51.3658,107.35608639924422
1979-09-01,11.43,74.4,7300.281,5.9,51.3623,108.59684231406764
1979-10-01,13.77,75.2,7318.535,6.0,51.7175,104.47304269541864
1979-11-01,13.18,76.0,7318.535,5.9,51.6341,103.66381000337147
1979-12-01,13.78,76.9,7318.535,6.0,51.6694,107.7759994506836
1980-01-01,13.82,78.0,7341.557,6.3,51.944,110.86818140203303
1980-02-01,14.13,79.0,7341.557,6.3,51.9633,115.33900108337403
1980-03-01,17.19,80.1,7341.557,6.3,51.7454,104.68619065057663
1980-04-01,17.61,80.9,7190.289,6.9,50.7197,102.96666753859748
1980-05-01,10.98,81.7,7190.289,7.5,49.4766,107.69428543817429
1980-06-01,9.47,82.5,7190.289,7.6,48.8383,114.54666646321614
1980-07-01,9.03,82.6,7181.743,7.8,48.4907,119.83272760564631
1980-08-01,9.61,83.2,7181.743,7.7,48.6456,123.49666631789435
1980-09-01,10.87,83.9,7181.743,7.5,49.4578,126.51190294538226
1980-10-01,12.81,84.7,7315.677,7.5,50.0861,130.22173840066662
1980-11-01,15.85,85.6,7315.677,7.5,50.9209,135.6544426812066
1980-12-01,18.9,86.4,7315.677,7.2,51.257,133.48318204012784
1981-01-01,19.08,87.2,7459.022,7.5,50.9328,132.96571277436755
1981-02-01,15.93,88.0,7459.022,7.4,50.7237,128.3952656796104
1981-03-01,14.7,88.6,7459.022,7.4,50.9806,133.18499963933772
1981-04-01,15.72,89.1,7403.745,7.2,50.7661,134.42761811755952
1981-05-01,18.52,89.7,7403.745,7.5,51.0552,131.72700042724608
1981-06-01,19.1,90.5,7403.745,7.5,51.3214,132.2777293812145
1981-07-01,19.04,91.5,7492.405,7.2,51.6555,129.1277268149636
1981-08-01,17.82,92.2,7492.405,7.4,51.5903,129.62952314104353
1981-09-01,15.87,93.1,7492.405,7.6,51.3429,118.26952398390998
1981-10-01,15.08,93.4,7410.768,7.9,50.9463,119.79772706465288
1981-11-01,13.31,93.8,7410.768,8.3,50.3546,122.9194995880127
1981-12-01,12.37,94.1,7410.768,8.5,49.8086,123.79409096457742
1982-01-01,13.22,94.4,7295.631,8.6,48.7877,117.27650032043456
1982-02-01,14.78,94.7,7295.631,8.9,49.7839,114.49526335063733
1982-03-01,14.68,94.7,7295.631,9.0,49.4477,110.84217370074728
1982-04-01,14.94,95.0,7328.912,9.3,48.9913,116.30714343843006
1982-05-01,14.45,95.9,7328.912,9.4,48.6669,116.35299949645996
1982-06-01,14.15,97.0,7328.912,9.6,48.5415,109.69772720336914
1982-07-01,12.59,97.5,7300.896,9.8,48.3775,109.37666684105282
1982-08-01,10.12,97.7,7300.896,9.8,47.9382,109.65136406638406
1982-09-01,10.31,97.7,7300.896,10.1,47.8139,122.43333289736793
1982-10-01,9.71,98.1,7303.817,10.4,47.3575,132.66047741117933
1982-11-01,9.2,98.0,7303.817,10.8,47.2078,138.10095287504652
1982-12-01,8.95,97.7,7303.817,10.8,46.8713,139.3659113103693
1983-01-01,8.68,97.9,7400.066,10.4,47.7398,144.26714215959822
1983-02-01,8.51,98.0,7400.066,10.4,47.4484,146.79684046695107
1983-03-01,8.77,98.1,7400.066,10.3,47.8426,151.87652123492697
1983-04-01,8.8,98.8,7568.456,10.2,48.4483,157.7120002746582
1983-05-01,8.63,99.2,7568.456,10.1,48.747,164.0971432640439
1983-06-01,8.98,99.4,7568.456,10.1,49.0434,166.36909138072622
1983-07-01,9.37,99.8,7719.746,9.4,49.7739,166.95099868774415
1983-08-01,9.56,100.1,7719.746,9.5,50.364,162.4178247866423
1983-09-01,9.45,100.4,7719.746,9.2,51.0937,167.1604766845703
1983-10-01,9.48,100.8,7880.794,8.8,51.4902,167.65428452264695
1983-11-01,9.34,101.1,7880.794,8.5,51.721,165.23095194498697
1983-12-01,9.47,101.4,7880.794,8.3,51.9769,164.37142799014137
1984-01-01,9.56,102.1,8034.847,8.0,53.0088,166.39285641624815
1984-02-01,9.59,102.6,8034.847,7.8,53.2486,157.2505012512207
1984-03-01,9.91,102.9,8034.847,7.8,53.5028,157.4386381669478
1984-04-01,10.29,103.3,8173.67,7.7,53.8233,157.60149917602538
1984-05-01,10.32,103.5,8173.67,7.4,54.1104,156.55090886896306
1984-06-01,11.06,103.7,8173.67,7.2,54.3075,153.12476094563803
1984-07-01,11.23,104.1,8252.465,7.5,54.4587,151.07809593563988
1984-08-01,11.64,104.4,8252.465,7.5,54.5239,164.4208692467731
1984-09-01,11.3,104.7,8252.465,7.3,54.3696,166.1126299406353
1984-10-01,9.99,105.1,8320.199,7.4,54.3474,164.81869440493375
1984-11-01,9.43,105.3,8320.199,7.2,54.529,166.27190508161272
1984-12-01,8.38,105.5,8320.199,7.3,54.5556,164.48000106811523
1985-01-01,8.35,105.7,8400.82,7.3,54.527,171.6127270785245
1985-02-01,8.5,106.3,8400.82,7.2,54.6871,180.88473751670435
1985-03-01,8.58,106.8,8400.82,7.2,54.7673,179.4199981689453
1985-04-01,8.27,107.0,8474.787,7.3,54.6467,180.61857023693267
1985-05-01,7.97,107.2,8474.787,7.2,54.7396,184.89908946644175
1985-06-01,7.53,107.5,8474.787,7.4,54.711,188.8859992980957
1985-07-01,7.88,107.7,8604.22,7.4,54.4365,192.54454456676137
1985-08-01,7.9,107.9,8604.22,7.1,54.6121,188.3063638860529
1985-09-01,7.92,108.1,8604.22,7.1,54.8147,184.20579046952096
1985-10-01,7.99,108.5,8668.188,7.1,54.6228,186.18043451723844
1985-11-01,8.05,109.0,8668.188,7.0,54.8123,197.44550018310548
1985-12-01,8.27,109.5,8668.188,7.0,55.3553,207.25761922200522
1986-01-01,8.14,109.9,8749.127,6.7,55.6453,208.19408971613103
1986-02-01,7.86,109.7,8749.127,7.2,55.2634,219.36526168020148
1986-03-01,7.48,109.1,8749.127,7.2,54.8728,232.3270004272461
1986-04-01,6.99,108.7,8788.524,7.1,54.935,237.96772835471413
1986-05-01,6.85,109.0,8788.524,7.2,55.0399,238.45904758998327
1986-06-01,6.92,109.4,8788.524,7.2,54.826,245.29571460542223
1986-07-01,6.56,109.5,8872.601,7.0,55.167,240.17999891801313
1986-08-01,6.17,109.6,8872.601,6.9,55.0726,245.0009511311849
1986-09-01,5.89,110.0,8872.601,7.0,55.2237,238.269047328404
1986-10-01,5.85,110.2,8920.193,7.0,55.4589,237.35608706266984
1986-11-01,6.04,110.4,8920.193,6.9,55.6763,245.0926328960218
1986-12-01,6.91,110.8,8920.193,6.6,56.2078,248.60545418479225
1987-01-01,6.43,111.4,8986.367,6.6,55.9911,264.51095145089283
1987-02-01,6.1,111.8,8986.367,6.6,56.7373,280.9342153448808
1987-03-01,6.13,112.2,8986.367,6.6,56.8136,292.47136480158025
1987-04-01,6.37,112.7,9083.256,6.3,57.185,289.3219052269345
1987-05-01,6.85,113.0,9083.256,6.3,57.5424,289.1154983520508
1987-06-01,6.73,113.5,9083.256,6.2,57.8502,301.3840900767933
1987-07-01,6.58,113.8,9162.024,6.1,58.2421,310.0872719504616
1987-08-01,6.73,114.3,9162.024,6.0,58.6784,329.35809326171875
1987-09-01,7.22,114.7,9162.024,5.9,58.9088,318.6609511602493
1987-10-01,7.29,115.0,9319.332,6.0,59.7008,280.1640916304155
1987-11-01,6.69,115.4,9319.332,5.8,59.9956,245.0085006713867
1987-12-01,6.77,115.6,9319.332,5.7,60.3246,240.9559097290039
1988-01-01,6.83,116.0,9367.502,5.7,60.309,250.47650299072265
1988-02-01,6.58,116.2,9367.502,5.7,60.6122,258.12799911499025
1988-03-01,6.58,116.5,9367.502,5.7,60.7452,265.7373922596807
1988-04-01,6.87,117.2,9490.594,5.4,61.108,262.6154983520508
1988-05-01,7.09,117.5,9490.594,5.6,60.9843,256.12381126767116
1988-06-01,7.51,118.0,9490.594,5.4,61.1615,270.6827281605114
1988-07-01,7.75,118.5,9546.206,5.4,61.171,269.0494979858398
1988-08-01,8.01,119.0,9546.206,5.6,61.4771,263.7265187139096
1988-09-01,8.19,119.5,9546.206,5.4,61.2785,267.9700012207031
1988-10-01,8.3,119.9,9673.405,5.4,61.5488,277.39571562267486
1988-11-01,8.35,120.3,9673.405,5.3,61.7049,271.02428763253346
1988-12-01,8.76,120.7,9673.405,5.3,61.9851,276.51475888206846
1989-01-01,9.12,121.2,9771.725,5.4,62.1677,285.413812546503
1989-02-01,9.36,121.6,9771.725,5.2,61.8916,294.0110521818462
1989-03-01,9.85,122.2,9771.725,5.0,62.0508,292.7131819291548
1989-04-01,9.84,123.1,9846.293,5.2,62.0289,302.2509963989258
1989-05-01,9.81,123.7,9846.293,5.2,61.6871,313.92999961159444
1989-06-01,9.53,124.1,9846.293,5.3,61.6857,323.7277277166193
1989-07-01,9.24,124.5,9919.228,5.2,61.0896,331.92650146484374
1989-08-01,8.99,124.5,9919.228,5.2,61.6847,346.60782656462294
1989-09-01,9.02,124.8,9919.228,5.3,61.4794,347.3295013427734
1989-10-01,8.84,125.4,9938.767,5.3,61.4014,347.3972722833807
1989-11-01,8.55,125.9,9938.767,5.4,61.6081,340.2190450032552
1989-12-01,8.45,126.3,9938.767,5.4,61.9588,348.57200012207034
1990-01-01,8.23,127.5,10047.386,5.4,61.6352,339.9718184037642
1990-02-01,8.24,128.0,10047.386,5.3,62.1951,330.45263511256167
1990-03-01,8.28,128.6,10047.386,5.2,62.4916,338.46500049937856
1990-04-01,8.26,128.9,10083.855,5.4,62.3511,338.1779983520508
1990-05-01,8.18,129.1,10083.855,5.4,62.5353,350.2500013871626
1990-06-01,8.29,129.9,10083.855,5.2,62.7479,360.3866664341518
1990-07-01,8.15,130.5,10090.569,5.5,62.6435,360.0309520903088
1990-08-01,8.13,131.6,10090.569,5.7,62.8704,330.7465196692425
1990-09-01,8.2,132.5,10090.569,5.9,62.8839,315.40684268349094
1990-10-01,8.11,133.4,9998.704,5.9,62.4973,307.1247850501019
1990-11-01,7.81,133.7,9998.704,6.2,61.7175,315.2909531366257
1990-12-01,7.31,134.2,9998.704,6.3,61.2885,328.74950256347654
1991-01-01,6.91,134.7,9951.916,6.4,61.0842,325.4854555996981
1991-02-01,6.25,134.8,9951.916,6.6,60.6387,362.2631578947368
1991-03-01,6.12,134.8,9951.916,6.8,60.2973,372.2789993286133
1991-04-01,5.91,135.1,10029.51,6.7,60.4524,379.6786360307173
1991-05-01,5.78,135.6,10029.51,6.9,61.0587,377.9922721169212
1991-06-01,5.9,136.0,10029.51,6.9,61.5514,378.2929992675781
1991-07-01,5.82,136.2,10080.195,6.8,61.7201,380.2268177379261
1991-08-01,5.66,136.6,10080.195,6.9,61.7289,389.4031788219105
1991-09-01,5.45,137.0,10080.195,6.9,62.2369,387.19850006103513
1991-10-01,5.21,137.2,10115.329,7.0,62.1718,386.88347990616506
1991-11-01,4.81,137.8,10115.329,7.0,62.0894,385.919499206543
1991-12-01,4.43,138.2,10115.329,7.3,61.806,388.5104762486049
1992-01-01,4.03,138.3,10236.435,7.3,61.4823,416.0749969482422
1992-02-01,4.06,138.6,10236.435,7.4,61.9192,412.55579095137745
1992-03-01,3.98,139.1,10236.435,7.4,62.4403,407.3645449551669
1992-04-01,3.73,139.4,10347.429,7.4,62.9199,407.40714372907365
1992-05-01,3.82,139.7,10347.429,7.6,63.1268,414.814501953125
1992-06-01,3.76,140.1,10347.429,7.8,63.1624,408.2745472301136
1992-07-01,3.25,140.5,10449.673,7.7,63.7348,415.0513638583097
1992-08-01,3.3,140.8,10449.673,7.6,63.3802,417.9271429152716
1992-09-01,3.22,141.1,10449.673,7.6,63.5834,418.4771423339844
1992-10-01,3.1,141.7,10558.648,7.3,64.0178,412.5027285489169
1992-11-01,3.09,142.1,10558.648,7.4,64.2628,422.8439971923828
1992-12-01,2.92,142.3,10558.648,7.4,64.3599,435.6395457874645
1993-01-01,3.02,142.8,10576.275,7.3,64.6135,435.22899932861327
1993-02-01,3.03,143.1,10576.275,7.1,64.9262,441.70368074115953
1993-03-01,3.07,143.3,10576.275,7.0,64.8627,450.15521638289744
1993-04-01,2.96,143.8,10637.847,7.1,65.0423,443.0776207333519
1993-05-01,3.0,144.2,10637.847,7.1,64.8006,445.24649810791016
1993-06-01,3.04,144.3,10637.847,7.0,64.9476,448.0595439564098
1993-07-01,3.06,144.5,10688.606,6.9,65.1142,447.28618803478423
1993-08-01,3.03,144.8,10688.606,6.8,65.0421,454.1277285489169
1993-09-01,3.09,145.0,10688.606,6.7,65.3749,459.23523385184154
1993-10-01,2.99,145.6,10833.987,6.8,65.863,463.8999968029204
1993-11-01,3.02,146.0,10833.987,6.6,66.1696,462.8904753185454
1993-12-01,2.96,146.3,10833.987,6.5,66.5531,465.94545676491475
1994-01-01,3.05,146.3,10939.116,6.6,66.7591,472.9928574335007
1994-02-01,3.25,146.7,10939.116,6.6,66.8019,471.5799994217722
1994-03-01,3.34,147.1,10939.116,6.5,67.4704,463.8078268299932
1994-04-01,3.56,147.2,11087.361,6.4,67.8707,447.2321070620888
1994-05-01,4.01,147.5,11087.361,6.1,68.187,450.89857264927457
1994-06-01,4.25,147.9,11087.361,6.1,68.645,454.825908314098
1994-07-01,4.26,148.4,11152.176,6.1,68.7317,451.40099945068357
1994-08-01,4.47,149.0,11152.176,6.0,69.1882,464.2430459727412
1994-09-01,4.73,149.3,11152.176,5.9,69.3935,466.9580920991443
1994-10-01,4.76,149.4,11279.932,5.8,69.9576,463.81380934942337
1994-11-01,5.29,149.8,11279.932,5.6,70.4288,461.0152398972284
1994-12-01,5.45,150.1,11279.932,5.5,71.1273,455.1866643996466
1995-01-01,5.53,150.5,11319.951,5.6,71.2635,465.25
1995-02-01,5.92,150.9,11319.951,5.4,71.1758,481.92473722759047
1995-03-01,5.98,151.2,11319.951,5.4,71.2796,493.1530469811481
1995-04-01,6.05,151.8,11353.721,5.8,71.1538,507.9057906301398
1995-05-01,6.01,152.1,11353.721,5.6,71.4997,523.8136402476918
1995-06-01,6.0,152.4,11353.721,5.6,71.7327,539.3540843616832
1995-07-01,5.85,152.6,11450.31,5.7,71.4334,557.3664978027343
1995-08-01,5.74,152.9,11450.31,5.7,72.3723,559.1100012737771
1995-09-01,5.8,153.1,11450.31,5.6,72.6543,578.765493774414
1995-10-01,5.76,153.5,11528.067,5.5,72.5336,582.9181823730469
1995-11-01,5.8,153.7,11528.067,5.6,72.717,595.5323806036087
1995-12-01,5.6,153.9,11528.067,5.6,72.9638,614.5709991455078
1996-01-01,5.56,154.7,11614.418,5.6,72.5712,614.4200051047585
1996-02-01,5.22,155.0,11614.418,5.5,73.6207,649.5420043945312
1996-03-01,5.31,155.5,11614.418,5.5,73.5141,647.0747593470982
1996-04-01,5.22,156.1,11808.14,5.6,74.2491,647.1728544689361
1996-05-01,5.24,156.4,11808.14,5.6,74.8142,661.2304548783736
1996-06-01,5.27,156.7,11808.14,5.3,75.3726,668.4989929199219
1996-07-01,5.4,157.0,11914.063,5.5,75.3738,644.0704539905895
1996-08-01,5.22,157.2,11914.063,5.1,75.7557,662.6822787198154
1996-09-01,5.3,157.7,11914.063,5.2,76.2302,674.885498046875
1996-10-01,5.24,158.2,12037.775,5.2,76.2157,701.4556539784307
1996-11-01,5.31,158.7,12037.775,5.4,76.8973,735.6690063476562
1996-12-01,5.29,159.1,12037.775,5.4,77.3772,743.249040876116
1997-01-01,5.25,159.4,12115.472,5.3,77.5135,766.216816295277
1997-02-01,5.19,159.7,12115.472,5.2,78.4255,798.3842163085938
1997-03-01,5.39,159.8,12115.472,5.2,78.9197,792.1555023193359
1997-04-01,5.51,159.9,12317.221,5.1,78.9848,763.9281865900213
1997-05-01,5.5,159.9,12317.221,4.9,79.4296,833.0914306640625
1997-06-01,5.56,160.2,12317.221,5.0,79.7971,876.2861909412202
1997-07-01,5.52,160.4,12471.01,4.9,80.4666,925.2945445667614
1997-08-01,5.54,160.8,12471.01,4.8,81.2825,927.7357119605655
1997-09-01,5.54,161.2,12471.01,4.9,82.0327,937.0242861793155
1997-10-01,5.5,161.5,12577.495,4.7,82.7656,951.1595618206521
1997-11-01,5.52,161.7,12577.495,4.6,83.427,938.9236899928043
1997-12-01,5.5,161.8,12577.495,4.7,83.784,962.3654563210227
1998-01-01,5.56,162.0,12703.742,4.6,84.1564,963.3590026855469
1998-02-01,5.51,162.0,12703.742,4.6,84.3066,1023.7421136153372
1998-03-01,5.49,162.0,12703.742,4.7,84.342,1076.8277310458097
1998-04-01,5.45,162.2,12821.339,4.3,84.6339,1112.1961960565477
1998-05-01,5.49,162.6,12821.339,4.4,85.1867,1108.4169982910157
1998-06-01,5.56,162.8,12821.339,4.5,84.6809,1108.389531915838
1998-07-01,5.54,163.2,12982.752,4.5,84.3445,1156.5772705078125
1998-08-01,5.55,163.4,12982.752,4.5,86.0816,1074.6204717726935
1998-09-01,5.51,163.5,12982.752,4.6,86.0023,1020.6400001162574
1998-10-01,5.07,163.9,13191.67,4.5,86.591,1032.470009543679
1998-11-01,4.83,164.1,13191.67,4.4,86.5115,1144.4334838867187
1998-12-01,4.68,164.4,13191.67,4.4,86.8615,1190.0509033203125
1999-01-01,4.63,164.7,13315.597,4.3,87.2205,1248.7747353001644
1999-02-01,4.76,164.7,13315.597,4.4,87.726,1246.5821147717927
1999-03-01,4.81,164.8,13315.597,4.2,87.9125,1281.663913892663
1999-04-01,4.74,165.9,13426.748,4.3,88.1082,1334.7566615513392
1999-05-01,4.74,166.0,13426.748,4.2,88.6483,1332.0740112304688
1999-06-01,4.76,166.0,13426.748,4.3,88.5903,1322.552734375
1999-07-01,4.99,166.7,13604.771,4.3,89.1098,1380.990001860119
1999-08-01,5.07,167.1,13604.771,4.2,89.5007,1327.488653009588
1999-09-01,5.22,167.8,13604.771,4.2,89.1304,1318.1719040643602
1999-10-01,5.2,168.1,13827.98,4.1,90.2709,1300.010009765625
1999-11-01,5.42,168.4,13827.98,4.1,90.7528,1391.0028483072917
1999-12-01,5.3,168.8,13827.98,4.0,91.4784,1428.6840931285512
2000-01-01,5.45,169.3,13878.147,4.0,91.4092,1425.5855041503905
2000-02-01,5.73,170.0,13878.147,4.1,91.7245,1388.8744995117188
2000-03-01,5.85,171.0,13878.147,4.0,92.083,1442.212598717731
2000-04-01,6.02,170.9,14130.908,3.8,92.6659,1461.3552567331415
2000-05-01,6.27,171.2,14130.908,4.0,92.9347,1418.4795476740057
2000-06-01,6.53,172.2,14130.908,4.0,93.0018,1461.9590897993608
2000-07-01,6.54,172.7,14145.312,4.0,92.8373,1473.0024963378905
2000-08-01,6.5,172.7,14145.312,4.1,92.591,1485.45825726053
2000-09-01,6.52,173.6,14145.312,3.9,92.9827,1468.05400390625
2000-10-01,6.51,173.9,14229.765,3.9,92.64,1390.144092906605
2000-11-01,6.51,174.2,14229.765,3.9,92.6604,1375.0376034691221
2000-12-01,6.4,174.6,14229.765,3.9,92.3457,1330.9294982910155
2001-01-01,5.98,175.6,14183.12,4.2,91.8908,1335.6390555245537
2001-02-01,5.49,176.0,14183.12,4.2,91.2851,1305.7515804893092
2001-03-01,5.31,176.1,14183.12,4.3,91.0585,1185.850008877841
2001-04-01,4.8,176.4,14271.694,4.4,90.7384,1189.8369995117187
2001-05-01,4.21,177.3,14271.694,4.3,90.2607,1270.3686356977983
2001-06-01,3.97,177.7,14271.694,4.5,89.7811,1238.7104666573662
2001-07-01,3.77,177.4,14214.516,4.6,89.2352,1204.4495210193452
2001-08-01,3.65,177.4,14214.516,4.9,89.157,1178.5039274796195
2001-09-01,3.07,178.1,14214.516,5.0,88.6749,1044.643994140625
2001-10-01,2.49,177.6,14253.574,5.3,88.4051,1076.5904381793478
2001-11-01,2.09,177.5,14253.574,5.5,87.886,1129.6833321707588
2001-12-01,1.82,177.4,14253.574,5.7,87.8518,1144.9300109863282
2002-01-01,1.73,177.7,14372.785,5.7,88.4634,1140.2076241629463
2002-02-01,1.74,178.0,14372.785,5.7,88.4578,1100.6689388877467
2002-03-01,1.73,178.5,14372.785,5.7,89.1265,1153.7910034179688
2002-04-01,1.75,179.3,14460.848,5.9,89.5507,1112.034540349787
2002-05-01,1.75,179.5,14460.848,5.8,89.9348,1079.2672784978693
2002-06-01,1.75,179.6,14460.848,5.8,90.6736,1014.0480072021485
2002-07-01,1.73,180.0,14519.633,5.8,90.6436,903.5854575417259
2002-08-01,1.74,180.5,14519.633,5.7,90.5505,912.5522738370029
2002-09-01,1.75,180.8,14519.633,5.7,90.6373,867.8120056152344
2002-10-01,1.75,181.2,14537.58,5.7,90.3988,854.6313078507134
2002-11-01,1.34,181.5,14537.58,5.9,90.8947,909.9270050048829
2002-12-01,1.24,181.8,14537.58,6.0,90.3906,899.1785743350074
2003-01-01,1.24,182.6,14614.141,5.8,91.1369,895.8361903599331
2003-02-01,1.26,183.6,14614.141,5.9,91.2505,837.6189510947779
2003-03-01,1.25,183.9,14614.141,5.9,91.0006,846.6214250837054
2003-04-01,1.26,183.2,14743.567,6.0,90.4311,890.0257132393973
2003-05-01,1.26,182.9,14743.567,6.1,90.4,935.9628528413318
2003-06-01,1.22,183.1,14743.567,6.3,90.5196,987.9952392578125
2003-07-01,1.01,183.7,14988.782,6.2,90.9869,992.5409102006392
2003-08-01,1.03,184.5,14988.782,6.1,90.7933,989.5319097609747
2003-09-01,1.01,185.1,14988.782,6.1,91.3819,1019.441900344122
2003-10-01,1.01,184.9,15162.76,6.0,91.5049,1038.7343431555707
2003-11-01,1.0,185.0,15162.76,5.8,92.1265,1049.8989450555098
2003-12-01,0.98,185.5,15162.76,5.7,92.1732,1080.6359197443182
2004-01-01,1.0,186.3,15248.68,5.7,92.3268,1132.5174987792968
2004-02-01,1.01,186.7,15248.68,5.6,92.8995,1143.3563232421875
2004-03-01,1.0,187.1,15248.68,5.8,92.5368,1123.9782449473505
2004-04-01,1.0,187.4,15366.85,5.6,92.8957,1133.0785725911458
2004-05-01,1.0,188.2,15366.85,5.6,93.5845,1102.7815002441407
2004-06-01,1.03,188.9,15366.85,5.6,92.8651,1132.7571556454614
2004-07-01,1.26,189.1,15512.619,5.5,93.5502,1105.846656436012
2004-08-01,1.43,189.2,15512.619,5.4,93.6301,1088.9349920099432
2004-09-01,1.61,189.8,15512.619,5.4,93.7353,1117.6562034970239
2004-10-01,1.76,190.8,15670.88,5.5,94.5695,1118.0680977957588
2004-11-01,1.93,191.7,15670.88,5.4,94.8015,1168.9376220703125
2004-12-01,2.16,191.7,15670.88,5.4,95.5415,1199.2095447887075
2005-01-01,2.28,191.6,15844.727,5.3,95.8785,1181.4079956054688
2005-02-01,2.5,192.4,15844.727,5.4,96.5709,1199.6268439041942
2005-03-01,2.63,193.1,15844.727,5.2,96.4345,1194.8977272727273
2005-04-01,2.79,193.7,15922.782,5.2,96.6347,1164.4276123046875
2005-05-01,3.0,193.6,15922.782,5.1,96.7251,1178.2757161458333
2005-06-01,3.04,193.7,15922.782,5.0,97.1483,1202.2531682794745
2005-07-01,3.26,194.9,16047.587,5.0,96.8397,1222.2369995117188
2005-08-01,3.5,196.1,16047.587,4.9,97.1584,1224.2699983016305
2005-09-01,3.62,198.8,16047.587,5.0,95.2764,1225.914771670387
2005-10-01,3.78,199.1,16136.734,5.0,96.4411,1191.9642857142858
2005-11-01,4.0,198.1,16136.734,5.0,97.5016,1237.3685651506696
2005-12-01,4.16,198.1,16136.734,4.9,97.9723,1262.0719110398065
2006-01-01,4.29,199.3,16353.835,4.7,98.127,1278.7224975585937
2006-02-01,4.49,199.4,16353.835,4.8,98.1687,1276.6452765213817
2006-03-01,4.59,199.7,16353.835,4.7,98.3913,1293.7347783627717
2006-04-01,4.79,200.7,16396.151,4.7,98.6826,1302.1652703536183
2006-05-01,4.94,201.3,16396.151,4.6,98.7074,1290.0136274857955
2006-06-01,4.99,201.8,16396.151,4.6,99.0398,1253.1681795987215
2006-07-01,5.24,202.9,16420.738,4.7,98.9751,1260.2345031738282
2006-08-01,5.25,203.8,16420.738,4.7,99.4047,1287.1495679772418
2006-09-01,5.25,202.8,16420.738,4.5,99.2246,1317.7430114746094
2006-10-01,5.25,201.9,16561.866,4.4,99.1229,1363.3772638494318
2006-11-01,5.25,202.0,16561.866,4.5,99.0963,1388.634753999256
2006-12-01,5.24,203.1,16561.866,4.4,100.1125,1416.4200073242187
2007-01-01,5.25,203.437,16611.69,4.6,99.7546,1424.160986328125
2007-02-01,5.26,204.226,16611.69,4.5,100.7166,1444.7947484066613
2007-03-01,5.26,205.288,16611.69,4.4,100.8952,1406.9518210671165
2007-04-01,5.25,205.904,16713.314,4.5,101.5723,1463.6405029296875
2007-05-01,5.25,206.755,16713.314,4.4,101.6269,1511.1368130770597
2007-06-01,5.25,207.234,16713.314,4.6,101.6547,1514.4895193917412
2007-07-01,5.26,207.603,16809.587,4.7,101.4953,1520.7047584170386
2007-08-01,5.02,207.667,16809.587,4.6,101.6943,1454.6169592815897
2007-09-01,4.94,208.547,16809.587,4.7,101.9428,1497.1163265830592
2007-10-01,4.76,209.19,16915.191,4.7,101.6446,1539.65869140625
2007-11-01,4.49,210.834,16915.191,4.7,102.2167,1463.3852364676338
2007-12-01,4.24,211.445,16915.191,5.0,102.2764,1479.2234985351563
2008-01-01,3.94,212.174,16843.003,5.0,102.1493,1378.7638055710565
2008-02-01,2.98,212.687,16843.003,4.9,101.7756,1354.872509765625
2008-03-01,2.61,213.448,16843.003,5.1,101.4508,1316.9429931640625
2008-04-01,2.28,213.942,16943.291,5.0,100.7554,1370.4690940163352
2008-05-01,1.98,215.208,16943.291,5.4,100.1336,1403.2176164899554
2008-06-01,2.0,217.463,16943.291,5.6,99.8728,1341.250964936756
2008-07-01,2.01,219.016,16854.295,5.8,99.4194,1257.32636607777
2008-08-01,2.0,218.69,16854.295,6.1,97.8491,1281.4723656063989
2008-09-01,1.81,218.877,16854.295,6.1,93.5576,1217.0228562127977
2008-10-01,0.97,216.995,16485.35,6.5,94.4985,968.8008741295856
2008-11-01,0.39,213.153,16485.35,6.8,93.2617,883.04052734375
2008-12-01,0.16,211.398,16485.35,7.3,90.6266,877.5618175159801
2009-01-01,0.15,211.933,16298.262,7.8,88.3712,865.5755004882812
2009-02-01,0.22,212.705,16298.262,8.3,87.843,805.2273688065378
2009-03-01,0.18,212.495,16298.262,8.7,86.4689,757.1268144087358
2009-04-01,0.15,212.709,16269.145,9.0,85.7903,848.1518990652902
2009-05-01,0.18,213.022,16269.145,9.4,84.9436,902.4085021972656
2009-06-01,0.21,214.79,16269.145,9.5,84.6746,926.1150013316761
2009-07-01,0.16,214.726,16326.281,9.5,85.6853,935.8213639692826
2009-08-01,0.16,215.445,16326.281,9.6,86.6393,1009.7247576032366
2009-09-01,0.15,215.861,16326.281,9.8,87.3821,1044.5523826962426
2009-10-01,0.12,216.509,16502.754,10.0,87.5809,1067.6636297052557
2009-11-01,0.12,217.234,16502.754,9.9,87.9388,1088.0690063476563
2009-12-01,0.12,217.347,16502.754,9.9,88.2404,1110.377724387429
2010-01-01,0.11,217.488,16582.71,9.8,89.1897,1123.5815815172698
2010-02-01,0.13,217.281,16582.71,9.8,89.5046,1089.1599892064144
2010-03-01,0.16,217.353,16582.71,9.9,90.1356,1152.0486901324728
2010-04-01,0.2,217.403,16743.162,9.9,90.4607,1197.316185360863
2010-05-01,0.2,217.29,16743.162,9.6,91.7014,1125.0620056152343
2010-06-01,0.18,217.199,16743.162,9.4,91.9033,1083.3608953302557
2010-07-01,0.18,217.605,16872.266,9.4,92.2549,1079.8033360072545
2010-08-01,0.19,217.923,16872.266,9.5,92.5936,1087.2822709517045
2010-09-01,0.19,218.275,16872.266,9.5,92.8533,1122.0819033668154
2010-10-01,0.19,219.035,16960.864,9.4,92.6033,1171.5838099888392
2010-11-01,0.19,219.59,16960.864,9.8,92.6686,1198.8885614304315
2010-12-01,0.18,220.472,16960.864,9.3,93.5916,1241.5254516601562
2011-01-01,0.17,221.187,16920.632,9.1,93.3889,1282.6184997558594
2011-02-01,0.16,221.898,16920.632,9.0,93.0045,1321.1178877981085
2011-03-01,0.14,223.046,16920.632,9.0,93.9684,1304.4865138841712
2011-04-01,0.1,224.093,17035.114,9.1,93.6571,1331.5050109863282
2011-05-01,0.09,224.806,17035.114,9.0,93.7723,1338.3104654947917
2011-06-01,0.09,224.806,17035.114,9.1,94.0493,1287.2886408025568
2011-07-01,0.07,225.395,17031.313,9.0,94.4958,1325.184503173828
2011-08-01,0.1,226.106,17031.313,9.0,95.0974,1185.3056534476902
2011-09-01,0.08,226.597,17031.313,9.0,95.0244,1173.8790573846727
2011-10-01,0.07,226.75,17222.583,8.8,95.6891,1207.2161865234375
2011-11-01,0.08,227.169,17222.583,8.6,95.6778,1226.414771670387
2011-12-01,0.07,227.223,17222.583,8.5,96.1809,1243.3228469122023
2012-01-01,0.08,227.842,17367.01,8.3,96.7595,1300.5780151367187
2012-02-01,0.1,228.329,17367.01,8.3,97.0662,1352.4875
2012-03-01,0.13,228.807,17367.01,8.2,96.5609,1389.2400013316762
2012-04-01,0.14,229.187,17444.525,8.2,97.251,1386.4289855957031
2012-05-01,0.16,228.713,17444.525,8.2,97.4595,1341.2727161754262
2012-06-01,0.16,228.524,17444.525,8.2,97.4768,1323.4842936197917
2012-07-01,0.16,228.59,17469.65,8.2,97.6714,1359.7761986142114
2012-08-01,0.13,229.918,17469.65,8.1,97.2734,1403.4482581097147
2012-09-01,0.14,231.015,17469.65,7.8,97.2217,1443.4194721422698
2012-10-01,0.16,231.638,17489.852,7.8,97.5311,1437.816662016369
2012-11-01,0.16,231.249,17489.852,7.7,97.9084,1394.5123872302827
2012-12-01,0.16,231.221,17489.852,7.9,98.1884,1422.2854919433594
2013-01-01,0.14,231.679,17662.4,8.0,98.1736,1480.395240420387
2013-02-01,0.15,232.937,17662.4,7.7,98.6434,1512.3115812602796
2013-03-01,0.14,232.282,17662.4,7.5,99.047,1550.8289855957032
2013-04-01,0.15,231.797,17709.671,7.6,98.9445,1570.702264959162
2013-05-01,0.11,231.893,17709.671,7.5,99.0383,1639.842723499645
2013-06-01,0.09,232.445,17709.671,7.5,99.2221,1618.7725158691405
2013-07-01,0.09,232.9,17860.45,7.3,98.8987,1668.6754427823153
2013-08-01,0.08,233.456,17860.45,7.2,99.4897,1670.0936390269887
2013-09-01,0.08,233.544,17860.45,7.2,100.021,1687.1735046386718
2013-10-01,0.09,233.669,18016.147,7.2,99.9037,1720.0265317170517
2013-11-01,0.08,234.1,18016.147,6.9,100.1582,1783.5410034179688
2013-12-01,0.09,234.719,18016.147,6.7,100.374,1807.7752336774554
2014-01-01,0.07,235.288,17953.974,6.6,99.9899,1822.3566603887648
2014-02-01,0.07,235.547,17953.974,6.7,100.7471,1817.0347386410363
2014-03-01,0.08,236.028,17953.974,6.7,101.7435,1863.5233386811756
2014-04-01,0.09,236.468,18185.911,6.2,101.8273,1864.2633347284227
2014-05-01,0.09,236.918,18185.911,6.3,102.2392,1889.7671421595983
2014-06-01,0.1,237.231,18185.911,6.1,102.5774,1947.087611607143
2014-07-01,0.09,237.498,18406.941,6.2,102.7954,1973.0999866832387
2014-08-01,0.09,237.46,18406.941,6.1,102.6322,1961.5319068545386
2014-09-01,0.09,237.477,18406.941,5.9,102.9417,1993.2261904761904
2014-10-01,0.09,237.43,18500.031,5.7,102.9611,1937.2743503736413
2014-11-01,0.09,236.983,18500.031,5.8,103.5978,2044.5721050061677
2014-12-01,0.12,236.252,18500.031,5.6,103.6151,2054.2663629705257
2015-01-01,0.11,234.747,18666.621,5.7,102.7923,2028.1785095214843
2015-02-01,0.11,235.342,18666.621,5.5,102.1366,2082.1957943564967
2015-03-01,0.11,235.976,18666.621,5.4,101.7869,2079.9904396750712
2015-04-01,0.12,236.222,18782.243,5.4,101.2255,2094.862839471726
2015-05-01,0.12,237.001,18782.243,5.6,100.7675,2111.9435180664063
2015-06-01,0.13,237.657,18782.243,5.3,100.4588,2099.2836581143465
2015-07-01,0.13,238.034,18857.418,5.2,101.0893,2094.1436268199573
2015-08-01,0.14,238.033,18857.418,5.1,100.9165,2039.8662051246279
2015-09-01,0.14,237.498,18857.418,5.0,100.633,1944.4023844401042
2015-10-01,0.12,237.733,18892.206,5.0,100.1563,2024.8127163973722
2015-11-01,0.12,238.017,18892.206,5.1,99.4366,2080.61650390625
2015-12-01,0.24,237.761,18892.206,5.0,98.9471,2054.0795621004972
2016-01-01,0.34,237.652,19001.69,4.8,99.4391,1918.5978875411183
2016-02-01,0.38,237.336,19001.69,4.9,98.9232,1904.4184936523438
2016-03-01,0.36,238.08,19001.69,5.0,98.1635,2021.9540904651988
2016-04-01,0.37,238.992,19062.709,5.1,98.4775,2075.5352318173364
2016-05-01,0.37,239.557,19062.709,4.8,98.2549,2065.5504789806546
2016-06-01,0.38,240.222,19062.709,4.9,98.7315,2083.891368519176
2016-07-01,0.39,240.101,19197.938,4.8,98.8452,2148.9019775390625
2016-08-01,0.4,240.545,19197.938,4.9,98.7427,2177.482167119565
2016-09-01,0.4,241.176,19197.938,5.0,98.6552,2157.690964471726
2016-10-01,0.4,241.741,19304.352,4.9,98.7237,2143.0209379650296
2016-11-01,0.41,242.026,19304.352,4.7,98.3443,2164.9856887090773
2016-12-01,0.54,242.637,19304.352,4.7,99.0406,2246.6290457589284
2017-01-01,0.65,243.618,19398.343,4.7,98.8158,2275.1159790039064
2017-02-01,0.66,244.006,19398.343,4.6,98.4356,2329.9105417351975
2017-03-01,0.79,243.892,19398.343,4.4,99.0492,2366.822170091712
2017-04-01,0.9,244.193,19506.949,4.4,100.0416,2359.309454666941
2017-05-01,0.91,244.004,19506.949,4.4,100.128,2395.345880681818
2017-06-01,1.04,244.163,19506.949,4.3,100.337,2433.98545143821
2017-07-01,1.15,244.243,19660.766,4.3,100.0865,2454.102502441406
2017-08-01,1.16,245.183,19660.766,4.4,99.6323,2456.2230702275815
2017-09-01,1.15,246.435,19660.766,4.3,99.7482,2492.8410400390626
2017-10-01,1.15,246.626,19882.352,4.2,100.9893,2556.9972700639205
2017-11-01,1.16,247.284,19882.352,4.2,101.2493,2593.605736142113
2017-12-01,1.3,247.805,19882.352,4.1,101.4871,2664.34052734375
2018-01-01,1.41,248.859,20044.077,4.0,101.4852,2789.8038155691966
2018-02-01,1.42,249.529,20044.077,4.1,101.7319,2705.1552477384867
2018-03-01,1.51,249.577,20044.077,4.0,102.1943,2702.7738211495534
2018-04-01,1.69,250.227,20150.476,4.0,103.3551,2653.6252092633927
2018-05-01,1.7,250.792,20150.476,3.8,102.381,2701.4936190518465
2018-06-01,1.82,251.018,20150.476,4.0,103.2256,2754.3528878348216
2018-07-01,1.91,251.214,20276.154,3.8,103.3561,2793.643357049851
2018-08-01,1.91,251.663,20276.154,3.8,104.0585,2857.8204292629075
2018-09-01,1.95,252.182,20276.154,3.7,104.1038,2901.5005139802633
2018-10-01,2.19,252.772,20304.874,3.8,103.9297,2785.4647800611415
2018-11-01,2.2,252.594,20304.874,3.8,104.0126,2723.231422061012
2018-12-01,2.27,252.767,20304.874,3.9,104.0451,2567.3073858963817
2019-01-01,2.4,252.561,20431.641,4.0,103.3598,2607.3899972098216
2019-02-01,2.4,253.319,20431.641,3.8,102.8251,2754.8642064144738
2019-03-01,2.41,254.277,20431.641,3.8,102.8361,2803.9837937127977
2019-04-01,2.42,255.233,20602.275,3.7,102.2748,2903.799979073661
2019-05-01,2.39,255.296,20602.275,3.6,102.4176,2854.705910422585
2019-06-01,2.38,255.213,20602.275,3.6,102.5425,2890.165979003906
2019-07-01,2.4,255.802,20843.322,3.7,102.0057,2996.1136363636365
2019-08-01,2.13,256.036,20843.322,3.6,102.7814,2897.450450550426
2019-09-01,2.04,256.43,20843.322,3.5,102.4601,2982.156005859375
2019-10-01,1.83,257.155,20985.448,3.6,101.5878,2977.675197435462
2019-11-01,1.55,257.879,20985.448,3.6,102.1494,3104.9044921875
2019-12-01,1.55,258.63,20985.448,3.6,101.9421,3176.74951171875
2020-01-01,1.55,258.906,20693.238,3.6,101.3372,3278.202857607887
2020-02-01,1.58,259.246,20693.238,3.5,101.6718,3277.3141832853617
2020-03-01,0.65,258.15,20693.238,4.4,97.606,2652.393632368608
2020-04-01,0.05,256.126,19056.617,14.8,84.6812,2761.9752255394346
2020-05-01,0.05,255.848,19056.617,13.2,86.0108,2919.6084838867187
2020-06-01,0.08,257.004,19056.617,11.0,91.6745,3104.6609330610795
2020-07-01,0.09,258.408,20548.793,10.2,95.0037,3207.6190962357955
2020-08-01,0.1,259.366,20548.793,8.4,95.9294,3391.7100190662204
2020-09-01,0.09,259.951,20548.793,7.8,95.8914,3365.516671316964
2020-10-01,0.09,260.249,20771.691,6.8,96.5256,3418.6999955610795
2020-11-01,0.09,260.895,20771.691,6.7,96.9529,3548.99248046875
2020-12-01,0.09,262.005,20771.691,6.7,98.2039,3695.3100142045455
2021-01-01,0.09,262.518,21058.379,6.4,98.8135,3793.7484323601975
2021-02-01,0.08,263.583,21058.379,6.2,95.5072,3883.4321160567433
2021-03-01,0.07,264.91,21058.379,6.1,98.1929,3910.5082795516305
2021-04-01,0.07,266.752,21389.005,6.1,98.3317,4141.176199776785
2021-05-01,0.06,268.452,21389.005,5.8,99.1867,4167.849536132812
2021-06-01,0.08,270.664,21389.005,5.9,99.6483,4238.48954634233
2021-07-01,0.1,271.994,21571.421,5.4,100.0668,4363.712797619048
2021-08-01,0.09,272.789,21571.421,5.1,100.0412,4453.965931285511
2021-09-01,0.08,273.887,21571.421,4.7,98.9955,4445.543317522322
2021-10-01,0.08,276.434,21960.388,4.5,100.3542,4460.707077752976
2021-11-01,0.08,278.799,21960.388,4.1,101.2684,4667.386648995535
2021-12-01,0.08,280.808,21960.388,3.9,101.1948,4674.772771661932
2022-01-01,0.08,282.39,21903.85,4.0,101.2146,4573.815454101563
2022-02-01,0.08,284.535,21903.85,3.8,101.8458,4435.980494449013
2022-03-01,0.2,287.553,21903.85,3.6,102.6732,4391.265264096467
2022-04-01,0.33,288.764,21919.222,3.7,102.9024,4391.29599609375
2022-05-01,0.77,291.359,21919.222,3.6,102.9659,4040.3600027901784
2022-06-01,1.21,294.996,21919.222,3.6,102.8224,3898.9466843377977
2022-07-01,1.68,294.977,22066.784,3.5,103.0505,3911.7294921875
2022-08-01,2.33,295.209,22066.784,3.6,103.1703,4158.563083814538
2022-09-01,2.56,296.341,22066.784,3.5,103.5326,3850.5204961867557
2022-10-01,3.08,297.863,22249.459,3.6,103.4442,3726.050955636161
2022-11-01,3.78,298.648,22249.459,3.6,103.1058,3917.488595145089
2022-12-01,4.1,298.812,22249.459,3.5,101.8266,3912.3809523809523
2023-01-01,4.33,300.356,22403.435,3.4,102.7476,3960.656530761719
2023-02-01,4.57,301.509,22403.435,3.6,102.8003,4079.6847245065787
2023-03-01,4.65,301.744,22403.435,3.5,102.8143,3968.5591457201085
2023-04-01,4.83,303.032,22539.418,3.4,103.2241,4121.467362253289
2023-05-01,5.06,303.365,22539.418,3.7,102.9809,4146.1731955788355
2023-06-01,5.08,304.003,22539.418,3.6,102.3809,4345.372837611607
2023-07-01,5.12,304.628,22780.933,3.5,103.0722,4508.07548828125
2023-08-01,5.33,306.187,22780.933,3.8,103.0951,4457.358674422554
2023-09-01,5.33,307.288,22780.933,3.8,103.3081,4409.094995117188
2023-10-01,5.33,307.531,22960.6,3.8,102.5781,4269.400945490057
2023-11-01,5.33,308.024,22960.6,3.7,102.8868,4460.063313802083
2023-12-01,5.33,308.742,22960.6,3.7,102.6309,4685.051489257812
2024-01-01,5.33,309.685,23053.545,3.7,101.483,4804.491513206845
2024-02-01,5.33,311.054,23053.545,3.9,102.7267,5011.96142578125
2024-03-01,5.33,312.23,23053.545,3.8,102.5186,5170.572485351562
2024-04-01,5.33,313.207,23223.906,3.9,102.3568,5112.492742365057
2024-05-01,5.33,313.225,23223.906,4.0,102.9797,5235.225497159091
2024-06-01,5.33,313.049,23223.906,4.1,103.2768,5415.140496504934
2024-07-01,5.33,313.534,23386.248,4.3,102.5381,5538.004572088068
2024-08-01,5.33,314.121,23386.248,4.2,103.0449,5478.214577414773
2024-09-01,5.13,314.686,23386.248,4.1,102.5497,5621.26044921875
2024-10-01,4.83,315.454,23386.248,4.1,102.2805,5792.319548233696
